sector,ticker
xej,WPL
xej,STO
xej,OSH
xej,SOL
xej,ALD
xej,WOR
xej,VEA
xej,BPT
xej,YAL
xej,WHC
xej,NHC
xej,PDN
xej,ZEL
xej,ERA
xej,KAR
xej,STX
xej,SXY
xej,COE
xej,BOE
xej,CVN
xej,DYL
xej,88E
xej,HE8
xej,WGO
xej,EXR
xej,BMN
xej,GLL
xej,SMR
xej,LCK
xej,PEN
xej,HZN
xej,RNU
xej,TEK
xej,MRM
xej,EEG
xej,BKY
xej,VMY
xej,DEV
xej,BYE
xej,GRV
xej,EER
xej,FAR
xej,AGE
xej,BLU
xej,WEC
xej,IVZ
xej,GAS
xej,TER
xej,CE1
xej,CTP
xej,EL8
xej,BRU
xej,TOE
xej,KKO
xej,NGY
xej,NZO
xej,ATS
xej,PH2
xej,BRK
xej,REY
xej,ACB
xej,MAY
xej,COI
xej,LKO
xej,EPM
xej,TPD
xej,EDE
xej,CUE
xej,NWE
xej,BNL
xej,OEL
xej,VMX
xej,VEN
xej,MEU
xej,EME
xej,AJQ
xej,RES
xej,RLT
xej,ROG
xej,GEV
xej,HHR
xej,PGY
xej,ADD
xej,PNL
xej,TOU
xej,OEX
xej,PVE
xej,FPL
xej,BUY
xej,ADX
xej,MHC
xej,NAE
xej,TEG
xej,CXU
xej,AEE
xej,MEL
xej,WEL
xej,SGC
xej,MCM
xej,FZR
xej,GLV
xej,SRJ
xej,WBE
xej,2BE
xej,LIO
xej,MCE
xej,TDO
xej,AFR
xej,92E
xej,PRM
xej,TSC
xej,FDM
xej,HPR
xej,BLZ
xej,XST
xej,ZEU
xej,OXX
xej,PSA
xej,ICN
xej,DOR
xej,AUH
xej,PCL
xej,TMK
xej,POW
xej,BAS
xej,HCD
xej,IKW
xej,IPB
xej,KEY
xej,JPR
xej,EMP
xej,GGX
xej,CRM
xej,SAN
xej,IEC
xej,GGE
xej,KLR
xej,NSE
xej,MMR
xej,TNP
xej,CCJ
xej,E2E
xej,LAM
xej,ABL
xej,RMP
xej,TBN
xmj,BHP
xmj,FMG
xmj,RIO
xmj,NCM
xmj,JHX
xmj,S32
xmj,NST
xmj,AMC
xmj,BSL
xmj,MIN
xmj,EVN
xmj,OZL
xmj,BLD
xmj,FBU
xmj,ORI
xmj,IGO
xmj,LYC
xmj,AWC
xmj,IPL
xmj,PLS
xmj,BKW
xmj,CIA
xmj,SGM
xmj,ILU
xmj,CHN
xmj,ORA
xmj,CSR
xmj,NIC
xmj,DRR
xmj,ZIM
xmj,ORE
xmj,ABC
xmj,RRL
xmj,GXY
xmj,DEG
xmj,NUF
xmj,PRU
xmj,SLR
xmj,RMS
xmj,CRN
xmj,GOR
xmj,SBM
xmj,SFR
xmj,PGH
xmj,LTR
xmj,MGX
xmj,WGX
xmj,VUL
xmj,WAF
xmj,ASM
xmj,IMD
xmj,WSA
xmj,BGL
xmj,CMM
xmj,OMH
xmj,ALK
xmj,GRR
xmj,RSG
xmj,INR
xmj,JMS
xmj,ADN
xmj,PLL
xmj,SYR
xmj,ADT
xmj,ABR
xmj,EMR
xmj,AGG
xmj,AMI
xmj,JRV
xmj,PRN
xmj,AVZ
xmj,RED
xmj,TLG
xmj,A4N
xmj,MCR
xmj,SSR
xmj,AIS
xmj,WGN
xmj,CXL
xmj,MAH
xmj,DDH
xmj,BCK
xmj,SVL
xmj,FFX
xmj,BSE
xmj,LEG
xmj,E25
xmj,SYA
xmj,SO4
xmj,MAU
xmj,BCI
xmj,PAN
xmj,PNR
xmj,ORR
xmj,CXO
xmj,EGR
xmj,MLD
xmj,CLV
xmj,SVM
xmj,NMT
xmj,LKE
xmj,VXR
xmj,KGL
xmj,NCZ
xmj,HAS
xmj,RTR
xmj,TBR
xmj,DCN
xmj,NVA
xmj,STA
xmj,HFR
xmj,DGO
xmj,CTM
xmj,MNS
xmj,BOC
xmj,GNG
xmj,MLX
xmj,EM2
xmj,ANO
xmj,KLL
xmj,POS
xmj,VML
xmj,IRD
xmj,MGV
xmj,EMH
xmj,AHQ
xmj,PEK
xmj,FYI
xmj,AJM
xmj,CAI
xmj,KCN
xmj,CVV
xmj,ARU
xmj,MGT
xmj,VMS
xmj,CYL
xmj,QPM
xmj,OGC
xmj,CEL
xmj,GLN
xmj,MML
xmj,LOT
xmj,ASO
xmj,DNK
xmj,NWF
xmj,NTU
xmj,BRI
xmj,CYM
xmj,GPR
xmj,IMA
xmj,POD
xmj,AXE
xmj,RXM
xmj,GMD
xmj,PRL
xmj,TIE
xmj,PPG
xmj,WMX
xmj,GGG
xmj,FMS
xmj,FEX
xmj,NWC
xmj,MDX
xmj,HZR
xmj,JRL
xmj,MLG
xmj,ORN
xmj,EMN
xmj,OBM
xmj,AUT
xmj,BKT
xmj,LEX
xmj,PEX
xmj,IVR
xmj,AZY
xmj,SVY
xmj,MYL
xmj,CII
xmj,VRX
xmj,WWI
xmj,AGY
xmj,TTM
xmj,CAA
xmj,FGR
xmj,SDV
xmj,BCN
xmj,PDI
xmj,BDC
xmj,BSX
xmj,SES
xmj,BBX
xmj,TIG
xmj,ZEO
xmj,RVR
xmj,SFX
xmj,G1A
xmj,HCH
xmj,ZNO
xmj,HYM
xmj,CPN
xmj,RTG
xmj,KIN
xmj,TGM
xmj,TI1
xmj,ZER
xmj,LIT
xmj,AMN
xmj,TGN
xmj,MRC
xmj,AGD
xmj,LER
xmj,LCY
xmj,AUZ
xmj,BC8
xmj,MYE
xmj,KIS
xmj,GCY
xmj,COD
xmj,COB
xmj,HMX
xmj,MZZ
xmj,BRV
xmj,TAM
xmj,GWR
xmj,MGU
xmj,TUL
xmj,RND
xmj,VRC
xmj,AZS
xmj,IXR
xmj,LCL
xmj,HAV
xmj,TNG
xmj,MAN
xmj,APC
xmj,SUV
xmj,AOP
xmj,MWY
xmj,MSV
xmj,TSO
xmj,AUC
xmj,TTT
xmj,CAY
xmj,ELT
xmj,LRS
xmj,RHI
xmj,ARL
xmj,ARV
xmj,HRZ
xmj,BDM
xmj,PUR
xmj,LPD
xmj,WKT
xmj,CHZ
xmj,NUS
xmj,C6C
xmj,FHS
xmj,ATR
xmj,RXL
xmj,ZNC
xmj,VAN
xmj,ODY
xmj,CAP
xmj,MEI
xmj,NML
xmj,PSC
xmj,TMZ
xmj,KPT
xmj,MIO
xmj,TZN
xmj,KSN
xmj,MEP
xmj,LPI
xmj,HGO
xmj,AVL
xmj,ATC
xmj,GEN
xmj,DRE
xmj,PDZ
xmj,BCB
xmj,LCD
xmj,BML
xmj,DGR
xmj,GBZ
xmj,OKU
xmj,KAI
xmj,ASN
xmj,SRK
xmj,DRX
xmj,AML
xmj,EUR
xmj,ICG
xmj,BRB
xmj,ENR
xmj,KLA
xmj,GBE
xmj,YRL
xmj,KZR
xmj,XAM
xmj,ESR
xmj,WRM
xmj,BRL
xmj,DME
xmj,TGH
xmj,CKA
xmj,TMT
xmj,PEC
xmj,FML
xmj,LOM
xmj,E2M
xmj,SWK
xmj,HWK
xmj,SGQ
xmj,STN
xmj,HLX
xmj,AOU
xmj,AAR
xmj,BIS
xmj,KRR
xmj,MRL
xmj,RCP
xmj,HRN
xmj,SIH
xmj,VII
xmj,S2R
xmj,CST
xmj,CAD
xmj,CCZ
xmj,ARD
xmj,LSA
xmj,TRT
xmj,AKM
xmj,AQI
xmj,KRM
xmj,AME
xmj,TON
xmj,BAT
xmj,CLE
xmj,RDM
xmj,EQX
xmj,GML
xmj,CLA
xmj,MSR
xmj,STM
xmj,CNB
xmj,TLM
xmj,MMI
xmj,FEL
xmj,REE
xmj,SHP
xmj,GAL
xmj,MTC
xmj,RDN
xmj,TSL
xmj,HXG
xmj,INF
xmj,AON
xmj,DTR
xmj,ERM
xmj,WAK
xmj,MTH
xmj,NAG
xmj,ASQ
xmj,VAL
xmj,MKR
xmj,DKM
xmj,CZR
xmj,EQR
xmj,BNZ
xmj,GME
xmj,CAE
xmj,GBR
xmj,CTO
xmj,FRB
xmj,SKY
xmj,VYS
xmj,IPT
xmj,AJX
xmj,VKA
xmj,SMG
xmj,CRR
xmj,AWV
xmj,PNX
xmj,BSR
xmj,MVL
xmj,FFR
xmj,GMN
xmj,TAR
xmj,AGS
xmj,STK
xmj,AIV
xmj,ARR
xmj,PGM
xmj,ANX
xmj,GMC
xmj,MNB
xmj,MAG
xmj,CBE
xmj,VMC
xmj,KAU
xmj,PWN
xmj,PRX
xmj,BLY
xmj,GMR
xmj,TNR
xmj,ENX
xmj,JAL
xmj,TRY
xmj,CWX
xmj,ARN
xmj,AUR
xmj,SRZ
xmj,IBG
xmj,MM8
xmj,JNO
xmj,LMG
xmj,DEX
xmj,ARE
xmj,ATU
xmj,ORM
xmj,MRD
xmj,ONX
xmj,MAT
xmj,SUP
xmj,VAR
xmj,COY
xmj,CHK
xmj,HRR
xmj,EQE
xmj,CNJ
xmj,A1G
xmj,DM1
xmj,TBA
xmj,RWD
xmj,BGT
xmj,AZI
xmj,IDA
xmj,MKG
xmj,AUL
xmj,ACS
xmj,BEM
xmj,GL1
xmj,KCC
xmj,TAS
xmj,OAR
xmj,AGR
xmj,PXX
xmj,ESS
xmj,BSM
xmj,MGL
xmj,SHN
xmj,ICL
xmj,ADV
xmj,MCT
xmj,CAV
xmj,GSN
xmj,AKN
xmj,VR8
xmj,CAZ
xmj,CGN
xmj,SRN
xmj,ACP
xmj,A1M
xmj,NXM
xmj,TRN
xmj,CLZ
xmj,NRX
xmj,GTE
xmj,ADY
xmj,MR1
xmj,CG1
xmj,CXM
xmj,DDD
xmj,TKM
xmj,KMT
xmj,SNG
xmj,ABX
xmj,FIN
xmj,AQD
xmj,HNR
xmj,LNY
xmj,ARO
xmj,ANL
xmj,AQX
xmj,JDR
xmj,BOA
xmj,SPQ
xmj,AAU
xmj,RGL
xmj,SLZ
xmj,OAU
xmj,QEM
xmj,TPO
xmj,KWR
xmj,ELE
xmj,HAW
xmj,MLM
xmj,SPN
xmj,TMR
xmj,CVS
xmj,LIN
xmj,KTA
xmj,VIC
xmj,DCX
xmj,AL8
xmj,RIM
xmj,SHE
xmj,SAU
xmj,GTR
xmj,ODM
xmj,SCI
xmj,TIN
xmj,GNM
xmj,GUL
xmj,PF1
xmj,ZAG
xmj,QML
xmj,SI6
xmj,GSM
xmj,RFR
xmj,SCN
xmj,CY5
xmj,RMX
xmj,BUX
xmj,BTR
xmj,SHH
xmj,CR9
xmj,EMU
xmj,TRL
xmj,GIB
xmj,PNN
xmj,CR1
xmj,RIE
xmj,GRL
xmj,PSL
xmj,BAR
xmj,LSR
xmj,BYH
xmj,AKO
xmj,WC8
xmj,SER
xmj,DTM
xmj,PTR
xmj,PPY
xmj,REZ
xmj,CRL
xmj,WSI
xmj,KFE
xmj,PUA
xmj,MDI
xmj,CNL
xmj,CXX
xmj,BMG
xmj,LLO
xmj,BNR
xmj,QGL
xmj,AYM
xmj,FTZ
xmj,ENT
xmj,AUN
xmj,ANW
xmj,AUQ
xmj,SMI
xmj,GES
xmj,BPM
xmj,MRR
xmj,CZL
xmj,CSE
xmj,CRS
xmj,MBK
xmj,RCR
xmj,CDT
xmj,RML
xmj,KGM
xmj,NSM
xmj,BMO
xmj,NPM
xmj,MRZ
xmj,THR
xmj,SUH
xmj,MXR
xmj,CBY
xmj,AMD
xmj,EMT
xmj,RDS
xmj,MRQ
xmj,DAF
xmj,OKR
xmj,KP2
xmj,PNM
xmj,AGC
xmj,WML
xmj,PGD
xmj,PRS
xmj,NWM
xmj,XTC
xmj,RAG
xmj,ALY
xmj,ERL
xmj,QXR
xmj,TMS
xmj,FAU
xmj,SRI
xmj,BDG
xmj,CUL
xmj,GED
xmj,BCA
xmj,PVW
xmj,EFE
xmj,RLC
xmj,M24
xmj,TKL
xmj,NCR
xmj,MLS
xmj,SBR
xmj,CRB
xmj,NTL
xmj,M2R
xmj,AQC
xmj,NES
xmj,TG1
xmj,WCN
xmj,AJY
xmj,G88
xmj,NME
xmj,MHK
xmj,PKO
xmj,OZM
xmj,NMR
xmj,MOH
xmj,TYX
xmj,PAM
xmj,ZMI
xmj,ENV
xmj,HHM
xmj,TMX
xmj,KGD
xmj,FNT
xmj,MQR
xmj,TMG
xmj,CZN
xmj,KFM
xmj,RBR
xmj,AEV
xmj,AVW
xmj,VIA
xmj,ERW
xmj,RAN
xmj,PAK
xmj,AWJ
xmj,AAJ
xmj,AHN
xmj,SFM
xmj,APG
xmj,CML
xmj,RNX
xmj,RMG
xmj,MTB
xmj,WSR
xmj,AX8
xmj,OKJ
xmj,ALB
xmj,A8G
xmj,CMC
xmj,CMD
xmj,TEM
xmj,MEG
xmj,DMG
xmj,RMI
xmj,GLA
xmj,NXE
xmj,LML
xmj,KOR
xmj,AOA
xmj,HGM
xmj,TRM
xmj,HOR
xmj,AXT
xmj,NMG
xmj,RMT
xmj,GCR
xmj,AHK
xmj,ATM
xmj,PBX
xmj,CGM
xmj,CDH
xmj,AII
xmj,AM7
xmj,AQM
xmj,AS2
xmj,BEZ
xmj,CDR
xmj,CSM
xmj,FG1
xmj,LM8
xmj,MMG
xmj,OZZ
xmj,POL
xmj,RBX
xnj,TCL
xnj,BXB
xnj,SYD
xnj,REH
xnj,AIA
xnj,QAN
xnj,SVW
xnj,AZJ
xnj,CIM
xnj,QUB
xnj,ALX
xnj,ALQ
xnj,CWY
xnj,DOW
xnj,RWC
xnj,BIN
xnj,AIZ
xnj,IPH
xnj,MGH
xnj,PPK
xnj,DBI
xnj,JLG
xnj,SIQ
xnj,MMS
xnj,MND
xnj,SGF
xnj,ASB
xnj,GWA
xnj,NWH
xnj,EOS
xnj,AQZ
xnj,EHL
xnj,FLN
xnj,PPE
xnj,AMA
xnj,SSM
xnj,CDD
xnj,SST
xnj,SRG
xnj,ITG
xnj,KSC
xnj,LYL
xnj,SRL
xnj,MAD
xnj,AIM
xnj,VEE
xnj,EGN
xnj,QIP
xnj,KSS
xnj,PET
xnj,A2B
xnj,GNP
xnj,BSA
xnj,KPG
xnj,FLC
xnj,SXE
xnj,REX
xnj,RDG
xnj,CYG
xnj,CUP
xnj,ARA
xnj,LAU
xnj,CPV
xnj,DUR
xnj,FBR
xnj,PTB
xnj,ANG
xnj,LBL
xnj,ACF
xnj,SND
xnj,RFX
xnj,3DA
xnj,AMX
xnj,MPP
xnj,MXI
xnj,OEC
xnj,HIT
xnj,CVL
xnj,CLX
xnj,DRO
xnj,BOL
xnj,ASH
xnj,NAM
xnj,HRL
xnj,DCG
xnj,XRF
xnj,KTG
xnj,KOV
xnj,RFT
xnj,ECL
xnj,AFL
xnj,OVT
xnj,HNG
xnj,WWG
xnj,AEI
xnj,VRS
xnj,QHL
xnj,MYG
xnj,AJL
xnj,IGE
xnj,CI1
xnj,AWN
xnj,SOP
xnj,VBC
xnj,XTE
xnj,14D
xnj,MIL
xnj,BMH
xnj,FFT
xnj,EMB
xnj,EGY
xnj,BPP
xnj,EGL
xnj,CLI
xnj,TPP
xnj,SKS
xnj,TTI
xnj,AIR
xnj,PG1
xnj,AL3
xnj,DDB
xnj,ECT
xnj,ECG
xnj,3MF
xnj,ZGL
xnj,GO2
xnj,VMG
xnj,EVZ
xnj,YPB
xnj,RGI
xnj,SIV
xnj,MSG
xnj,SGI
xnj,A3D
xnj,CFO
xnj,SRH
xnj,EAX
xnj,OLH
xnj,MSI
xnj,IVT
xnj,TPS
xnj,HMI
xnj,ROO
xnj,IGN
xnj,PKD
xnj,M8S
xnj,UUV
xnj,T3D
xnj,FOS
xnj,KNH
xnj,AE1
xnj,CHR
xdj,WES
xdj,ALL
xdj,TAH
xdj,DMP
xdj,CWN
xdj,HVN
xdj,IEL
xdj,JBH
xdj,PMV
xdj,APE
xdj,BRG
xdj,ARB
xdj,SGR
xdj,FLT
xdj,SUL
xdj,CTD
xdj,BAP
xdj,PBH
xdj,SKC
xdj,SLK
xdj,WEB
xdj,IVC
xdj,LOV
xdj,RBD
xdj,AX1
xdj,CKF
xdj,TPW
xdj,GUD
xdj,KGN
xdj,CCX
xdj,KMD
xdj,CTT
xdj,RBL
xdj,BET
xdj,JIN
xdj,BGP
xdj,NCK
xdj,GEM
xdj,ADH
xdj,BBN
xdj,MMM
xdj,AKP
xdj,PWH
xdj,PWR
xdj,UNI
xdj,RDC
xdj,ASG
xdj,ALG
xdj,BLX
xdj,ABY
xdj,PFP
xdj,3PL
xdj,BKG
xdj,MHJ
xdj,AGI
xdj,MFB
xdj,SNL
xdj,HLO
xdj,SFC
xdj,MYR
xdj,CBR
xdj,SVH
xdj,TRA
xdj,GLB
xdj,ENN
xdj,FWD
xdj,DSK
xdj,AMS
xdj,TRS
xdj,SLA
xdj,TNK
xdj,8VI
xdj,MTO
xdj,SHJ
xdj,MYD
xdj,EXP
xdj,VVA
xdj,DW8
xdj,VTG
xdj,RFG
xdj,SSG
xdj,EVO
xdj,BUD
xdj,RCT
xdj,VMT
xdj,NTD
xdj,SHM
xdj,WAT
xdj,TWD
xdj,GAP
xdj,SGH
xdj,ZBT
xdj,ISU
xdj,SIO
xdj,ATL
xdj,CLU
xdj,TGA
xdj,JYC
xdj,FUN
xdj,ICT
xdj,RTE
xdj,KME
xdj,DNA
xdj,MOZ
xdj,MCL
xdj,RPM
xdj,EBG
xdj,RDH
xdj,WHK
xdj,AKG
xdj,MPA
xdj,MFD
xdj,JAY
xdj,BEX
xdj,HT8
xdj,JAT
xdj,GLE
xdj,OLI
xdj,INP
xdj,MPH
xdj,SIX
xdj,DMC
xdj,UCW
xdj,AUK
xdj,ABV
xdj,TCO
xdj,SIT
xdj,SCT
xdj,SRY
xdj,MHI
xdj,AQS
xdj,AUA
xdj,CL8
xdj,IDZ
xdj,CYQ
xdj,ATP
xdj,DDT
xdj,DLC
xdj,EZZ
xdj,WNB
xdj,TTA
xdj,TTSHA
xsj,WOW
xsj,COL
xsj,TWE
xsj,A2M
xsj,MTS
xsj,ELD
xsj,BGA
xsj,CGC
xsj,ING
xsj,BKL
xsj,UMG
xsj,GNC
xsj,AAC
xsj,AHY
xsj,TGR
xsj,SHV
xsj,BWX
xsj,SM1
xsj,LGL
xsj,SGLLV
xsj,FSF
xsj,RIC
xsj,HUO
xsj,BUB
xsj,MCA
xsj,AVG
xsj,SFG
xsj,NZK
xsj,LRK
xsj,MCP
xsj,MBH
xsj,GDA
xsj,WHA
xsj,FNP
xsj,WOA
xsj,BFC
xsj,TSI
xsj,CSS
xsj,FFI
xsj,DBF
xsj,YFZ
xsj,PTL
xsj,CLB
xsj,EXL
xsj,TFL
xsj,SKN
xsj,KTD
xsj,S66
xsj,APH
xsj,WLD
xsj,PFT
xsj,HPP
xsj,FOD
xsj,HVM
xsj,AS1
xsj,AHF
xsj,NUC
xsj,FRM
xsj,EVE
xsj,OGA
xsj,HCT
xsj,BEE
xsj,WNR
xsj,BXN
xsj,FIJ
xsj,ERG
xsj,1AG
xsj,NGS
xsj,FFF
xsj,YOW
xsj,LV1
xsj,AAP
xsj,NZS
xsj,MRG
xsj,MTM
xhj,CSL
xhj,SHL
xhj,FPH
xhj,COH
xhj,RHC
xhj,RMD
xhj,PME
xhj,EBO
xhj,ANN
xhj,SNZ
xhj,HLS
xhj,PNV
xhj,NAN
xhj,IMU
xhj,TLX
xhj,CUV
xhj,MSB
xhj,IDX
xhj,OCA
xhj,ACL
xhj,SPL
xhj,MYX
xhj,EHE
xhj,SIG
xhj,REG
xhj,API
xhj,PYC
xhj,RAC
xhj,VRT
xhj,OPT
xhj,ADO
xhj,PAR
xhj,IMM
xhj,ALC
xhj,PSQ
xhj,AFP
xhj,CAJ
xhj,MVP
xhj,NXS
xhj,EOF
xhj,AVH
xhj,MVF
xhj,ARX
xhj,JHC
xhj,VHT
xhj,TRJ
xhj,IHL
xhj,ACW
xhj,4DX
xhj,M7T
xhj,CYC
xhj,CGS
xhj,BNO
xhj,EMV
xhj,CPH
xhj,SOM
xhj,NOX
xhj,RHY
xhj,ONE
xhj,PBP
xhj,IMR
xhj,HLA
xhj,RCE
xhj,GSS
xhj,OIL
xhj,KZA
xhj,IPD
xhj,DOC
xhj,ONT
xhj,MX1
xhj,BD1
xhj,NEU
xhj,CSX
xhj,UBI
xhj,AHX
xhj,ANP
xhj,IBX
xhj,MDR
xhj,CAN
xhj,SDI
xhj,PIQ
xhj,OCC
xhj,MXC
xhj,PGC
xhj,EX1
xhj,PTX
xhj,LGP
xhj,PKS
xhj,IVX
xhj,AGH
xhj,CYP
xhj,CDX
xhj,GTG
xhj,PCK
xhj,RHT
xhj,CMP
xhj,AT1
xhj,BOT
xhj,IDT
xhj,VLS
xhj,QTM
xhj,PAB
xhj,RSH
xhj,ATH
xhj,CHM
xhj,PAL
xhj,TDL
xhj,BPH
xhj,MDC
xhj,ZLD
xhj,IME
xhj,AVR
xhj,MEM
xhj,OSL
xhj,AC8
xhj,HMD
xhj,DXB
xhj,NSB
xhj,EYE
xhj,ADR
xhj,RAP
xhj,BDA
xhj,NTI
xhj,OSP
xhj,1AD
xhj,BIT
xhj,IMC
xhj,PXS
xhj,OSX
xhj,RNO
xhj,IXC
xhj,ACR
xhj,GLH
xhj,NYR
xhj,AHC
xhj,VIP
xhj,ATX
xhj,CGB
xhj,VTI
xhj,PAA
xhj,AVE
xhj,EMD
xhj,EPN
xhj,TD1
xhj,VBS
xhj,CBL
xhj,ECS
xhj,AMT
xhj,TRU
xhj,RGS
xhj,TTB
xhj,LBT
xhj,UCM
xhj,ICS
xhj,MMJ
xhj,SHG
xhj,OVN
xhj,HXL
xhj,CTE
xhj,SCU
xhj,LSH
xhj,SUD
xhj,NC6
xhj,ILA
xhj,MEB
xhj,CDY
xhj,WFL
xhj,AGN
xhj,AJJ
xhj,ANR
xhj,ICR
xhj,DVL
xhj,1ST
xhj,ESE
xhj,FFC
xhj,ALT
xhj,HHI
xhj,LCT
xhj,JTL
xhj,SIL
xhj,CAU
xhj,FTT
xfj,CBA
xfj,WBC
xfj,NAB
xfj,ANZ
xfj,MQG
xfj,QBE
xfj,SUN
xfj,ASX
xfj,MGOC
xfj,IAG
xfj,AFI
xfj,MFG
xfj,VAS
xfj,MPL
xfj,ARG
xfj,BEN
xfj,BOQ
xfj,STW
xfj,IVV
xfj,AMP
xfj,IOZ
xfj,Z1P
xfj,NWL
xfj,CGF
xfj,SDF
xfj,MLT
xfj,VUK
xfj,VGS
xfj,PTM
xfj,IFL
xfj,NHF
xfj,PDL
xfj,VTS
xfj,LFG
xfj,LFS
xfj,IOO
xfj,VEU
xfj,PPT
xfj,PNI
xfj,CCP
xfj,WAM
xfj,VHY
xfj,IAF
xfj,HUB
xfj,MFF
xfj,MVW
xfj,LSF
xfj,JHG
xfj,AUB
xfj,MXT
xfj,A200
xfj,WLE
xfj,AUI
xfj,BKI
xfj,GMA
xfj,PPM
xfj,PSI
xfj,HGH
xfj,DUI
xfj,OBL
xfj,RMC
xfj,IEM
xfj,VG1
xfj,HM1
xfj,MHH
xfj,IXJ
xfj,IAA
xfj,AEF
xfj,KKC
xfj,MAF
xfj,MICH
xfj,CIN
xfj,SFY
xfj,IEU
xfj,AFG
xfj,ECX
xfj,DJW
xfj,SLF
xfj,MNY
xfj,WGB
xfj,FGG
xfj,VIF
xfj,PGF
xfj,VGE
xfj,BFG
xfj,VSO
xfj,RF1
xfj,WHF
xfj,VACF
xfj,APL
xfj,MIR
xfj,FGX
xfj,XARO
xfj,MVA
xfj,PL8
xfj,EQT
xfj,HUM
xfj,MYS
xfj,GDX
xfj,PMC
xfj,VGI
xfj,PAI
xfj,IVE
xfj,GCI
xfj,WMI
xfj,IJP
xfj,MAI
xfj,VAE
xfj,VBND
xfj,MOT
xfj,WZR
xfj,AMH
xfj,MHG
xfj,IJR
xfj,OFX
xfj,CVW
xfj,FUEL
xfj,CDM
xfj,WAX
xfj,NGI
xfj,ALI
xfj,EZL
xfj,PIA
xfj,KSL
xfj,TGG
xfj,TWR
xfj,PAC
xfj,WQG
xfj,ABA
xfj,MME
xfj,BBOZ
xfj,FEMX
xfj,OOO
xfj,MOC
xfj,QVE
xfj,CVC
xfj,COG
xfj,FID
xfj,PLT
xfj,VEQ
xfj,VCF
xfj,IJH
xfj,GVF
xfj,MVE
xfj,BTI
xfj,WMA
xfj,BBUS
xfj,FOR
xfj,MVB
xfj,OPY
xfj,EP1
xfj,PCG
xfj,EAI
xfj,WIC
xfj,GDG
xfj,CCV
xfj,HMY
xfj,NSC
xfj,PGL
xfj,MVR
xfj,SEC
xfj,TOT
xfj,ISO
xfj,RZI
xfj,IZZ
xfj,FSA
xfj,IXI
xfj,CAM
xfj,RYD
xfj,GDC
xfj,GOW
xfj,EPY
xfj,ACQ
xfj,SELF
xfj,CD3
xfj,SNC
xfj,SWF
xfj,IKO
xfj,SOR
xfj,MAM
xfj,AEG
xfj,MVS
xfj,OZG
xfj,BBC
xfj,MOGL
xfj,MAET
xfj,CD2
xfj,CIE
xfj,WAA
xfj,FFG
xfj,WRL
xfj,NCC
xfj,8IH
xfj,LSX
xfj,CWZ
xfj,TIP
xfj,AVC
xfj,SEQ
xfj,HJPN
xfj,MEC
xfj,IBC
xfj,FSI
xfj,FPC
xfj,BEAR
xfj,PAF
xfj,QFE
xfj,INES
xfj,EST
xfj,NAC
xfj,CD1
xfj,EDC
xfj,AFA
xfj,CGA
xfj,LRT
xfj,MKAX
xfj,BWF
xfj,EAS
xfj,CIW
xfj,CAF
xfj,ASW
xfj,NSX
xfj,GC1
xfj,PYR
xfj,KAT
xfj,PNC
xfj,AIQ
xfj,SSO
xfj,YBR
xfj,ECP
xfj,INV
xfj,GFL
xfj,NGE
xfj,CLH
xfj,FPP
xfj,DCL
xfj,TCF
xfj,KAM
xfj,MPR
xfj,PFG
xfj,BTC
xfj,AYI
xfj,IQ3
xfj,IMPQ
xfj,ENA
xfj,KBC
xfj,FEI
xfj,QSML
xfj,LCE
xfj,AIY
xfj,KSM
xfj,FNX
xfj,WTL
xfj,PHL
xfj,PVL
xfj,BHD
xfj,BEL
xfj,MAX
xfj,IPC
xfj,SVS
xfj,OEQ
xfj,N1H
xfj,ARC
xfj,HHY
xfj,EXO
xfj,MCX
xfj,BIR
xfj,8EC
xfj,QUE
xfj,AIB
xfj,LAW
xfj,ATB
xfj,AYU
xfj,BFL
xfj,BPB
xfj,CCB
xfj,CFF
xfj,DXA
xfj,GOL
xfj,HCS
xfj,HEU
xfj,IAN
xfj,IHC
xfj,IHW
xfj,IWL
xfj,QMI
xfj,SB2
xfj,VEL
xfj,WAR
xij,APT
xij,XRO
xij,WTC
xij,CPU
xij,NXT
xij,ALU
xij,CDA
xij,TNE
xij,LNK
xij,MP1
xij,IRE
xij,TYR
xij,DDR
xij,PPH
xij,APX
xij,OCL
xij,EML
xij,HSN
xij,FCL
xij,ISX
xij,360
xij,SZL
xij,BVS
xij,BRN
xij,NEA
xij,NVX
xij,NXL
xij,DTL
xij,DUB
xij,SKO
xij,NTO
xij,AD8
xij,IFM
xij,PPS
xij,VGL
xij,CAT
xij,ERD
xij,ELO
xij,BTH
xij,RUL
xij,IRI
xij,3DP
xij,WSP
xij,RHP
xij,SPT
xij,OTW
xij,TNT
xij,WBT
xij,FZO
xij,RDY
xij,4DS
xij,CL1
xij,GTK
xij,SMP
xij,LME
xij,NOV
xij,JAN
xij,DTC
xij,AHI
xij,EOL
xij,CRO
xij,SLX
xij,HTG
xij,PVS
xij,WJA
xij,YOJ
xij,LVT
xij,RDF
xij,EPD
xij,DTZ
xij,IXU
xij,DUG
xij,IKE
xij,LBY
xij,LVH
xij,EVS
xij,PX1
xij,AND
xij,DSE
xij,CCR
xij,AVA
xij,BID
xij,RKN
xij,UBN
xij,COS
xij,ESK
xij,IOD
xij,RCW
xij,NET
xij,99L
xij,SNS
xij,WCG
xij,IHR
xij,NUH
xij,ADA
xij,DTS
xij,SPZ
xij,AR9
xij,VR1
xij,FCT
xij,CV1
xij,PYG
xij,ADS
xij,ELS
xij,COO
xij,SMX
xij,SEN
xij,SMN
xij,XF1
xij,RCL
xij,CCA
xij,MSL
xij,K2F
xij,PTG
xij,SKF
xij,HWH
xij,DCC
xij,DOU
xij,MOQ
xij,SOV
xij,RVS
xij,AV1
xij,FTC
xij,LNU
xij,HIL
xij,PRO
xij,IP1
xij,FLX
xij,HSC
xij,8CO
xij,BLG
xij,PIL
xij,KNO
xij,HYD
xij,CNW
xij,CCG
xij,9SP
xij,CT1
xij,TV2
xij,TZL
xij,ODA
xij,JCS
xij,MOB
xij,BCC
xij,SE1
xij,OLL
xij,SBW
xij,CGO
xij,CAG
xij,BCT
xij,SCL
xij,JXT
xij,GTI
xij,AMO
xij,VIG
xij,BIQ
xij,KYK
xij,CF1
xij,ID8
xij,CLT
xij,CXZ
xij,ISD
xij,DXN
xij,NNG
xij,OPL
xij,ZMM
xij,DC2
xij,WOO
xij,ICE
xij,DTI
xij,NVU
xij,DLT
xij,FGL
xij,SIS
xij,GOO
xij,IS3
xij,SP3
xij,OOK
xij,KTE
xij,AO1
xij,APV
xij,VOR
xij,CPT
xij,SYT
xij,OAK
xij,FGO
xij,CWL
xij,NOR
xij,LVE
xij,TYM
xij,KKL
xij,CIO
xij,RD1
xij,TTL
xij,QTG
xij,GFN
xtj,TLS
xtj,REA
xtj,SEK
xtj,TPG
xtj,SPK
xtj,CAR
xtj,NEC
xtj,SAS
xtj,VOC
xtj,DHG
xtj,CNU
xtj,UWL
xtj,EVT
xtj,HTA
xtj,NWS
xtj,MAQ
xtj,OML
xtj,SWM
xtj,ABB
xtj,SXL
xtj,ART
xtj,MNF
xtj,FDV
xtj,HT1
xtj,SLC
xtj,HPG
xtj,TUA
xtj,SKT
xtj,EGG
xtj,IGL
xtj,ST1
xtj,IOU
xtj,5GG
xtj,MIH
xtj,NZM
xtj,ICQ
xtj,RMY
xtj,STG
xtj,TMH
xtj,5GN
xtj,SWP
xtj,FSG
xtj,GTN
xtj,PRT
xtj,ASP
xtj,RNT
xtj,CRW
xtj,SEG
xtj,TNY
xtj,MSM
xtj,BBL
xtj,EM1
xtj,ICI
xtj,BYI
xtj,NCL
xtj,HFY
xtj,VN8
xtj,PPL
xtj,PLY
xtj,SPA
xtj,ESH
xtj,AD1
xtj,MXO
xtj,CM8
xtj,MKL
xtj,RLG
xtj,FRX
xtj,SW1
xtj,AFW
xtj,SHO
xtj,EN1
xtj,AER
xtj,RXH
xtj,KNM
xtj,IMS
xtj,IVO
xtj,R3D
xtj,PCH
xtj,TOM
xtj,REF
xuj,APA
xuj,ORG
xuj,MCY
xuj,AST
xuj,MEZ
xuj,AGL
xuj,IFT
xuj,SKI
xuj,GNE
xuj,TLT
xuj,CEN
xuj,NEW
xuj,GNX
xuj,EWC
xuj,D2O
xuj,DEM
xuj,PO3
xuj,TPC
xuj,KPO
xuj,DEL
xuj,CCE
xuj,VPR
xuj,LPE
xuj,RNE
xuj,TML
xpj,GMG
xpj,SCG
xpj,MGR
xpj,DXS
xpj,SGP
xpj,GPT
xpj,LLC
xpj,VCX
xpj,CHC
xpj,GOZ
xpj,CLW
xpj,BWP
xpj,SCP
xpj,ABP
xpj,CMW
xpj,CQR
xpj,NSR
xpj,WPR
xpj,CNI
xpj,CIP
xpj,INA
xpj,AVN
xpj,LIC
xpj,HMC
xpj,URW
xpj,CQE
xpj,COF
xpj,ARF
xpj,HDN
xpj,IAP
xpj,LEP
xpj,RFF
xpj,ADI
xpj,GDI
xpj,PWG
xpj,HPI
xpj,PPC
xpj,CWP
xpj,AQR
xpj,AOF
xpj,QRI
xpj,UOS
xpj,SDG
xpj,CDP
xpj,SRV
xpj,APD
xpj,GDF
xpj,AVJ
xpj,FRI
xpj,VTH
xpj,ECF
xpj,WOT
xpj,TGP
xpj,APZ
xpj,ERF
xpj,EGH
xpj,URF
xpj,TOP
xpj,MEA
xpj,SSL
xpj,AKL
xpj,APW
xpj,DGH
xpj,DVN
xpj,BHL
xpj,MPX
xpj,AXI
xpj,TIA
xpj,UUL
xpj,AU1
xpj,ACU
xpj,VOL
xpj,HGL
xpj,CAQ
xpj,LHM
xpj,KLO
xpj,DET
xpj,FE8
xpj,GPS
xpj,IEQ
xpj,AGJ
xpj,LHB
xpj,RPG
xpj,MXU
